Line,Count
1,29
2,31
3,32
4,35
5,38
6,42
7,44
8,46
9,48
10,51
11,65
12,65
13,64
14,64
15,64
16,63
17,62
18,61
19,60
20,53
21,41
22,39
23,38
24,49
25,50
26,51
27,53
28,53
29,54
30,55
31,55
32,54
33,53
34,51
35,51
36,51
37,58
38,59
39,68
40,69
41,69
42,70
43,69
44,69
45,63
46,54
47,56
48,58
49,59
50,62
51,65
52,65
53,67
54,68
55,64
56,60
57,63
58,59
59,59
60,43
61,31
62,29
63,28
64,23
65,20
66,20
67,20
68,21
69,22
70,23
71,29
72,28
73,22
74,22
75,27
76,29
77,29
78,29
79,29
80,29
81,33
82,36
83,35
84,35
85,37
86,40
87,41
88,42
89,44
90,50
91,51
92,52
93,53
94,53
95,47
96,42
97,45
98,47
99,39
100,40
101,40
102,39
103,38
104,38
105,35
106,32
107,28
108,27
109,27
110,27
111,27
112,27
113,27
114,26
115,26
116,36
117,37
118,37
119,38
120,39
121,39
122,35
123,35
124,35
125,35
126,35
127,32
128,32
129,31
130,28
131,27
132,26
133,26
134,23
135,24
136,24
137,21
138,20
139,14
140,17
141,17
142,20
143,20
144,20
145,23
146,21
147,25
148,28
149,28
150,27
151,26
152,26
153,28
154,28
155,28
156,27
157,26
158,27
159,26
160,25
161,24
162,28
163,29
164,33
165,35
166,39
167,44
168,46
169,48
170,48
171,48
172,48
173,48
174,46
175,46
176,45
177,38
178,38
179,33
180,33
181,34
182,43
183,46
184,54
185,57
186,59
187,62
188,62
189,63
190,64
191,65
192,66
193,68
194,68
195,70
196,71
197,71
198,78
199,78
200,79
201,80
202,80
203,80
204,80
205,80
206,81
207,81
208,81
209,81
210,82
211,81
212,59
213,46
214,45
215,45
216,47
217,47
218,48
219,48
220,56
221,56
222,56
223,56
224,59
225,61
226,62
227,62
228,61
229,59
230,58
231,59
232,60
233,52
234,52
235,52
236,50
237,53
238,51
239,55
240,58
241,58
242,58
243,58
244,58
245,42
246,41
247,38
248,47
249,46
250,46
251,49
252,53
253,55
254,55
255,56
256,56
257,57
258,58
259,58
260,60
261,55
262,57
263,56
264,56
265,62
266,61
267,62
268,63
269,59
270,60
271,57
272,52
273,51
274,47
275,47
276,49
277,49
278,51
279,51
280,49
281,49
282,45
283,43
284,40
285,36
286,34
287,34
288,34
289,18
290,15
291,12
292,10
293,7
294,8
295,8
296,8
297,14
298,25
299,28
300,29
301,34
302,36
303,38
304,38
305,38
306,41
307,42
308,55
309,52
310,49
311,46
312,44
313,44
314,38
315,44
316,46
317,44
318,46
319,50
320,50
321,51
322,52
323,53
324,55
325,56
326,56
327,56
328,56
329,55
330,53
331,43
332,42
333,42
334,41
335,39
336,39
337,39
338,37
339,38
340,38
341,41
342,42
343,42
344,46
345,46
346,37
347,36
348,39
349,39
350,39
351,39
352,33
353,31
354,25
355,23
356,23
357,20
358,19
359,20
360,20
361,21
362,20
363,21
364,23
365,24
366,24
367,22
368,23
369,23
370,22
371,22
372,25
373,29
374,29
375,33
376,34
377,41
378,43
379,45
380,48
381,51
382,51
383,51
384,51
385,52
386,58
387,59
388,63
389,56
390,55
391,55
392,55
393,48
394,48
395,57
396,57
397,74
398,77
399,78
400,78
401,69
402,68
403,69
404,69
405,69
406,66
407,66
408,67
409,67
410,67
411,72
412,73
413,74
414,71
415,59
416,61
417,60
418,61
419,59
420,65
421,65
422,65
423,67
424,68
425,69
426,67
427,60
428,57
429,56
430,51
431,49
432,47
433,45
434,44
435,41
436,26
437,26
438,21
439,20
440,19
441,18
442,18
443,11
